{
  "rouge-l": {
    "hter": {
      "seq2seq": 1.0166199453176474,
      "ml": 0.9611705290160714,
      "pointer": 1.0052085971628897,
      "ml+rl": 0.998326638294127
    },
    "redundancy": {
      "seq2seq": 1.0325726842423408,
      "ml": 0.9900144038757901,
      "pointer": 1.0133777430974058,
      "ml+rl": 0.9907847027422383
    },
    "overall": {
      "seq2seq": 1.0132358886576196,
      "ml": 0.9701192819589473,
      "pointer": 0.998250755719229,
      "ml+rl": 1.0110267103730612
    },
    "grammar": {
      "seq2seq": 1.0014355742707204,
      "ml": 0.9927584661533302,
      "pointer": 0.9997629034292767,
      "ml+rl": 1.0128369328300495
    }
  },
  "bleu": {
    "hter": {
      "seq2seq": 1.005728084045863,
      "ml": 0.969725170492241,
      "pointer": 1.009945424923252,
      "ml+rl": 0.9859538670044922
    },
    "redundancy": {
      "seq2seq": 0.9812249392086445,
      "ml": 1.0041358961401865,
      "pointer": 0.9996431927012418,
      "ml+rl": 1.0204561072438645
    },
    "overall": {
      "seq2seq": 1.0192467214739305,
      "ml": 0.9845167969471817,
      "pointer": 0.9894443253546078,
      "ml+rl": 0.9833680872378796
    },
    "grammar": {
      "seq2seq": 1.0048717290241957,
      "ml": 0.9862663804147647,
      "pointer": 0.9942665910991186,
      "ml+rl": 0.9909036752718461
    }
  },
  "rouge-2": {
    "hter": {
      "seq2seq": 1.0206135157864111,
      "ml": 0.9855872001904948,
      "pointer": 0.987719911429969,
      "ml+rl": 0.9879770882225538
    },
    "redundancy": {
      "seq2seq": 0.9898711926622706,
      "ml": 0.9937657705759322,
      "pointer": 1.0205893321555615,
      "ml+rl": 1.0193123463453833
    },
    "overall": {
      "seq2seq": 0.9891264045594355,
      "ml": 1.004496025091933,
      "pointer": 1.0118683829262687,
      "ml+rl": 1.018005793116877
    },
    "grammar": {
      "seq2seq": 0.9840188941414909,
      "ml": 1.007564947489785,
      "pointer": 0.9913982750781523,
      "ml+rl": 0.9911941300088577
    }
  },
  "gold": {
    "hter": {
      "seq2seq": 2.6882777958451873,
      "ml": 1.5886133685445796,
      "pointer": 1.7411940848978384,
      "ml+rl": 1.6080424328295273
    },
    "redundancy": {
      "seq2seq": 2.2163924896770064,
      "ml": 1.7778899179330405,
      "pointer": 1.7283110785076778,
      "ml+rl": 1.6397090434123665
    },
    "overall": {
      "seq2seq": 1.69753564652466,
      "ml": 1.572060188743758,
      "pointer": 1.5818283808217612,
      "ml+rl": 1.5624507807667383
    },
    "grammar": {
      "seq2seq": 1.5332279989107676,
      "ml": 1.5769980960401806,
      "pointer": 1.5277924521609147,
      "ml+rl": 1.5353036362205665
    }
  },
  "rouge-1": {
    "hter": {
      "seq2seq": 1.0043707691422814,
      "ml": 0.9752711394137356,
      "pointer": 1.0098054453280503,
      "ml+rl": 0.9798391397566198
    },
    "redundancy": {
      "seq2seq": 1.0005940105438504,
      "ml": 0.9981823809689805,
      "pointer": 0.9920177437260812,
      "ml+rl": 0.9889153123563459
    },
    "overall": {
      "seq2seq": 0.9940424191952701,
      "ml": 1.0169492106940654,
      "pointer": 0.9945234087723067,
      "ml+rl": 0.981109070448437
    },
    "grammar": {
      "seq2seq": 0.9970298186888349,
      "ml": 1.0071171226366902,
      "pointer": 0.9921951196813231,
      "ml+rl": 0.9710916890335453
    }
  },
  "ter": {
    "hter": {
      "seq2seq": 0.9997589995569989,
      "ml": 0.977153150564438,
      "pointer": 0.9918476583638509,
      "ml+rl": 0.9830007070000888
    },
    "redundancy": {
      "seq2seq": 0.9747117136945702,
      "ml": 1.0076365777496996,
      "pointer": 0.9911548977420682,
      "ml+rl": 1.0113749258981393
    },
    "overall": {
      "seq2seq": 0.9856981616252013,
      "ml": 1.0022556597427739,
      "pointer": 1.0101052764717577,
      "ml+rl": 1.0004235083914994
    },
    "grammar": {
      "seq2seq": 0.9871065141762534,
      "ml": 0.9966047888226833,
      "pointer": 0.995857988539516,
      "ml+rl": 0.9954491240824461
    }
  },
  "sim": {
    "hter": {
      "seq2seq": 1.0737230356247285,
      "ml": 1.0118824057275182,
      "pointer": 1.021368672462039,
      "ml+rl": 0.9846353742298303
    },
    "redundancy": {
      "seq2seq": 1.0264919324380828,
      "ml": 0.9648135587046706,
      "pointer": 0.9967689237531139,
      "ml+rl": 0.9969416654585271
    },
    "overall": {
      "seq2seq": 1.0393676321021508,
      "ml": 1.0096151293291327,
      "pointer": 1.0075082831704967,
      "ml+rl": 1.0123227261241803
    },
    "grammar": {
      "seq2seq": 0.9943957177554783,
      "ml": 1.002678329051576,
      "pointer": 1.001385611795758,
      "ml+rl": 0.9910057924048553
    }
  },
  "meteor": {
    "hter": {
      "seq2seq": 1.0483980691828918,
      "ml": 0.9831607672659869,
      "pointer": 1.0134132102891165,
      "ml+rl": 0.9772335158336856
    },
    "redundancy": {
      "seq2seq": 1.0125561547587996,
      "ml": 0.9882057589343496,
      "pointer": 1.0080766094488276,
      "ml+rl": 1.0020772166626808
    },
    "overall": {
      "seq2seq": 0.9818604752469311,
      "ml": 0.992380203496673,
      "pointer": 1.0045780417936871,
      "ml+rl": 0.9901264443458303
    },
    "grammar": {
      "seq2seq": 1.010445214785686,
      "ml": 0.995905435682387,
      "pointer": 0.9985225962554715,
      "ml+rl": 0.978763694637709
    }
  }
}