{
  "rouge-l": {
    "hter": {
      "seq2seq": 1.063864628762729,
      "ml": 1.161507252857665,
      "pointer": 1.1863128447217115,
      "ml+rl": 1.2340397846501527
    },
    "redundancy": {
      "seq2seq": 1.129067159213922,
      "ml": 1.1985122244702688,
      "pointer": 1.2315605763219333,
      "ml+rl": 1.2615140191388858
    },
    "overall": {
      "seq2seq": 1.2338567065046084,
      "ml": 1.258077321770361,
      "pointer": 1.259462023288041,
      "ml+rl": 1.2992633140208316
    },
    "grammar": {
      "seq2seq": 1.3160091537313165,
      "ml": 1.3202387296173688,
      "pointer": 1.2789644690268338,
      "ml+rl": 1.311496165811833
    }
  },
  "bleu": {
    "hter": {
      "seq2seq": 1.071730264053803,
      "ml": 1.1605898341649838,
      "pointer": 1.1745949775070041,
      "ml+rl": 1.1992630821036907
    },
    "redundancy": {
      "seq2seq": 1.0833946947720305,
      "ml": 1.2162968888870243,
      "pointer": 1.2269163532042695,
      "ml+rl": 1.2682879362489563
    },
    "overall": {
      "seq2seq": 1.2259083323910813,
      "ml": 1.2689130536575794,
      "pointer": 1.265286660584645,
      "ml+rl": 1.2697693892325146
    },
    "grammar": {
      "seq2seq": 1.3191949487530072,
      "ml": 1.304831594309796,
      "pointer": 1.2959754823384084,
      "ml+rl": 1.2818032193536997
    }
  },
  "rouge-2": {
    "hter": {
      "seq2seq": 1.0594955168291786,
      "ml": 1.1897372753408126,
      "pointer": 1.1879081770763247,
      "ml+rl": 1.2105035679884957
    },
    "redundancy": {
      "seq2seq": 1.1224283747101351,
      "ml": 1.2109361462014572,
      "pointer": 1.2581032975299131,
      "ml+rl": 1.266670113699148
    },
    "overall": {
      "seq2seq": 1.2046530412795897,
      "ml": 1.2715967308665137,
      "pointer": 1.2673436663772537,
      "ml+rl": 1.2955416195411413
    },
    "grammar": {
      "seq2seq": 1.3042720214083183,
      "ml": 1.3107728118084525,
      "pointer": 1.3065434131026672,
      "ml+rl": 1.2788976989085201
    }
  },
  "gold": {
    "hter": {
      "seq2seq": 8.298472611986039,
      "ml": 3.8962300847023528,
      "pointer": 6.2405812083116325,
      "ml+rl": 4.9436814939637586
    },
    "redundancy": {
      "seq2seq": 23.685746642811864,
      "ml": 18.488727886063774,
      "pointer": 10.57049578174422,
      "ml+rl": 18.294528756818615
    },
    "overall": {
      "seq2seq": 19.167526947173226,
      "ml": 20.115206733998505,
      "pointer": 19.707469531486524,
      "ml+rl": 18.00621041205163
    },
    "grammar": {
      "seq2seq": 20.64512202049684,
      "ml": 19.995960916149837,
      "pointer": 19.067876135689453,
      "ml+rl": 19.178866870448452
    }
  },
  "rouge-1": {
    "hter": {
      "seq2seq": 1.0975897995912887,
      "ml": 1.1865095690425096,
      "pointer": 1.1853537145673105,
      "ml+rl": 1.1791415388556143
    },
    "redundancy": {
      "seq2seq": 1.110355805634924,
      "ml": 1.2431663991630408,
      "pointer": 1.2212923655614232,
      "ml+rl": 1.2311165630574117
    },
    "overall": {
      "seq2seq": 1.235230994634169,
      "ml": 1.2602387675457687,
      "pointer": 1.2444857313905235,
      "ml+rl": 1.2809531231806695
    },
    "grammar": {
      "seq2seq": 1.327431850306985,
      "ml": 1.3000105881025465,
      "pointer": 1.2931226812734833,
      "ml+rl": 1.2921958302392924
    }
  },
  "ter": {
    "hter": {
      "seq2seq": 1.043407349756369,
      "ml": 1.1930040870139262,
      "pointer": 1.170793667450574,
      "ml+rl": 1.1885990491715308
    },
    "redundancy": {
      "seq2seq": 1.113094356498376,
      "ml": 1.2174572506289107,
      "pointer": 1.2038143109294621,
      "ml+rl": 1.2467547936018226
    },
    "overall": {
      "seq2seq": 1.2037053203461756,
      "ml": 1.2682932799841435,
      "pointer": 1.2882656133298827,
      "ml+rl": 1.2748673247529267
    },
    "grammar": {
      "seq2seq": 1.3158434921616753,
      "ml": 1.3219061904687972,
      "pointer": 1.3193879228410712,
      "ml+rl": 1.2794110306768232
    }
  },
  "sim": {
    "hter": {
      "seq2seq": 1.1646109130475306,
      "ml": 1.2189455722391307,
      "pointer": 1.2239486202102994,
      "ml+rl": 1.2021543195664603
    },
    "redundancy": {
      "seq2seq": 1.1471115626290729,
      "ml": 1.171122702440856,
      "pointer": 1.2334373290018095,
      "ml+rl": 1.2317070131099366
    },
    "overall": {
      "seq2seq": 1.2759046908670486,
      "ml": 1.2714264030929177,
      "pointer": 1.2721713214343395,
      "ml+rl": 1.280984652488493
    },
    "grammar": {
      "seq2seq": 1.3593751458712116,
      "ml": 1.2946210494471124,
      "pointer": 1.3310698272271717,
      "ml+rl": 1.2630556317657555
    }
  },
  "meteor": {
    "hter": {
      "seq2seq": 1.1133921904870698,
      "ml": 1.1786966839423008,
      "pointer": 1.205093222415203,
      "ml+rl": 1.1896120746821741
    },
    "redundancy": {
      "seq2seq": 1.1422716393510937,
      "ml": 1.194414110584609,
      "pointer": 1.231734561823941,
      "ml+rl": 1.2500096702167713
    },
    "overall": {
      "seq2seq": 1.224146226320157,
      "ml": 1.2790890061266837,
      "pointer": 1.2825983330496233,
      "ml+rl": 1.291657574829098
    },
    "grammar": {
      "seq2seq": 1.3299873837778833,
      "ml": 1.3285066123361684,
      "pointer": 1.3043544731677295,
      "ml+rl": 1.2976909155542158
    }
  }
}