{
  "overall": {
    "rouge-2": {
      "pointer": 0.05077593508750771,
      "seq2seq": 0.06912557727027348,
      "*": 0.348172096665595,
      "ml": 0.150207941416575,
      "ml+rl": 0.029828227809550932
    },
    "rouge-l": {
      "pointer": 0.12663016309733988,
      "seq2seq": 0.09964967410535724,
      "*": 0.3592806540853239,
      "ml": 0.19012397449261043,
      "ml+rl": 0.12924502259907164
    },
    "meteor": {
      "pointer": 0.1308379182063377,
      "seq2seq": 0.24698407309464243,
      "*": 0.3709690112081064,
      "ml": 0.17367523394869308,
      "ml+rl": 0.1173761749262696
    },
    "sim": {
      "pointer": 0.2246091491310062,
      "seq2seq": 0.3718627700640219,
      "*": 0.41985573016979416,
      "ml": 0.13945639673868185,
      "ml+rl": 0.13240500038640357
    },
    "ter": {
      "pointer": 0.05058527325051386,
      "seq2seq": -0.14382458486309346,
      "*": -0.23975508256912467,
      "ml": 0.006902743404919934,
      "ml+rl": -0.030929096627717808
    },
    "bleu": {
      "pointer": 0.09696203456727658,
      "seq2seq": -0.00992559205844954,
      "*": 0.3474295929856692,
      "ml": 0.0693824231880966,
      "ml+rl": 0.024248864904615565
    },
    "rouge-1": {
      "pointer": 0.05745366564677094,
      "seq2seq": 0.20342806324089466,
      "*": 0.36914622109562284,
      "ml": 0.15803073832183245,
      "ml+rl": 0.10119389429694207
    }
  },
  "grammar": {
    "rouge-2": {
      "pointer": 0.12694517632481048,
      "seq2seq": -0.009425605558587104,
      "*": 0.2881340333966848,
      "ml": 0.18917931677693123,
      "ml+rl": 0.10527441497515576
    },
    "rouge-l": {
      "pointer": 0.1827901142014951,
      "seq2seq": 0.05134993302453155,
      "*": 0.3055505489369433,
      "ml": 0.24924325143841217,
      "ml+rl": 0.21898199443183508
    },
    "meteor": {
      "pointer": 0.1829554501793436,
      "seq2seq": 0.11058053041179754,
      "*": 0.3020580419978451,
      "ml": 0.18132818220373123,
      "ml+rl": 0.1882092570938735
    },
    "sim": {
      "pointer": 0.3022910501732477,
      "seq2seq": 0.2260317546472601,
      "*": 0.3274520372800657,
      "ml": 0.08399263255162874,
      "ml+rl": 0.17564219018562577
    },
    "ter": {
      "pointer": -0.044175478193433225,
      "seq2seq": -0.1668503358092326,
      "*": -0.2425190473993695,
      "ml": -0.028222484375687657,
      "ml+rl": -0.0836500856085061
    },
    "bleu": {
      "pointer": 0.10000329835418305,
      "seq2seq": 0.014392275595717255,
      "*": 0.2897628454543541,
      "ml": 0.09514823134650259,
      "ml+rl": 0.1076805077576903
    },
    "rouge-1": {
      "pointer": 0.10725765408819564,
      "seq2seq": 0.08443561954709387,
      "*": 0.2947361246156643,
      "ml": 0.17332282655133355,
      "ml+rl": 0.1483456002169788
    }
  },
  "redundancy": {
    "rouge-2": {
      "pointer": -0.004724198142011818,
      "seq2seq": 0.0591654303077204,
      "*": 0.3938609843810732,
      "ml": 0.0499659924137943,
      "ml+rl": -0.04926483862908797
    },
    "rouge-l": {
      "pointer": 0.07797418543965211,
      "seq2seq": 0.04494878237045626,
      "*": 0.3960168840525672,
      "ml": 0.04019865823016794,
      "ml+rl": 0.029978633474717912
    },
    "meteor": {
      "pointer": 0.0376845670317176,
      "seq2seq": 0.2137722304907805,
      "*": 0.421835224180932,
      "ml": 0.08877688851616548,
      "ml+rl": 0.05273973623494385
    },
    "sim": {
      "pointer": 0.11094304259706932,
      "seq2seq": 0.3022265335691557,
      "*": 0.4570272016300717,
      "ml": 0.07166700857508344,
      "ml+rl": 0.02846334080086051
    },
    "ter": {
      "pointer": -0.011131001003930621,
      "seq2seq": -0.0627859621419009,
      "*": -0.2484850515027705,
      "ml": 0.04679158688638738,
      "ml+rl": 0.01047008967314223
    },
    "bleu": {
      "pointer": 0.02684355206716663,
      "seq2seq": 0.05352491908221665,
      "*": 0.39544616811292926,
      "ml": -0.03932786238597498,
      "ml+rl": -0.04398649559343385
    },
    "rouge-1": {
      "pointer": -0.003063820434701558,
      "seq2seq": 0.1327005882153558,
      "*": 0.40908375805792924,
      "ml": 0.0423343054074453,
      "ml+rl": -0.032072198743465334
    }
  },
  "hter": {
    "rouge-2": {
      "pointer": -0.04093066327447743,
      "seq2seq": -0.12514124220206846,
      "*": -0.2727863558296686,
      "ml": -0.17103795874803612,
      "ml+rl": -0.03351435511936936
    },
    "rouge-l": {
      "pointer": -0.12668233391035474,
      "seq2seq": -0.14835521667513143,
      "*": -0.27377637302666114,
      "ml": -0.18421626982430808,
      "ml+rl": -0.10652688484308885
    },
    "meteor": {
      "pointer": -0.1108589255625262,
      "seq2seq": -0.2957979486450982,
      "*": -0.29499289723078376,
      "ml": -0.21967216282873303,
      "ml+rl": -0.15796817121545517
    },
    "sim": {
      "pointer": -0.19723939237601604,
      "seq2seq": -0.4093704166467522,
      "*": -0.4116067340731417,
      "ml": -0.31040054595232713,
      "ml+rl": -0.2079739803163831
    },
    "ter": {
      "pointer": -0.02783662409209856,
      "seq2seq": 0.11617595357023258,
      "*": 0.13760283367329704,
      "ml": -0.011165389786608044,
      "ml+rl": -0.0009072928347451146
    },
    "bleu": {
      "pointer": -0.10235983647021558,
      "seq2seq": -0.08933727887013415,
      "*": -0.2748952110486449,
      "ml": -0.10978277354543828,
      "ml+rl": -0.06334081975565402
    },
    "rouge-1": {
      "pointer": -0.07327590060419803,
      "seq2seq": -0.2592238942054122,
      "*": -0.31602120550719154,
      "ml": -0.18786340465357282,
      "ml+rl": -0.06972254354041588
    }
  }
}