{"ml": {"overall": {"nu": 1.3081747199443523, "sigma2_f": 0.23589643286573148, "sigma2_a": 0.30859375}, "grammar": {"nu": 1.40883939748616, "sigma2_f": 0.2369248496993988, "sigma2_a": 0.3337890625}, "redundancy": {"nu": 0.9080525304375124, "sigma2_f": 0.3383356713426854, "sigma2_a": 0.3072265625}, "hter": {"nu": 0.8739193977621965, "sigma2_f": 0.131650351441036, "sigma2_a": 0.11505179584653172}}, "ml+rl": {"overall": {"nu": 1.3132026858979995, "sigma2_f": 0.22434875269381555, "sigma2_a": 0.2946153846153846}, "grammar": {"nu": 1.3806979365764422, "sigma2_f": 0.24193449753878696, "sigma2_a": 0.3340384615384615}, "redundancy": {"nu": 1.1334704702985754, "sigma2_f": 0.2962311234105494, "sigma2_a": 0.33576923076923076}, "hter": {"nu": 0.9806700404184865, "sigma2_f": 0.07537584093991871, "sigma2_a": 0.07391882898112749}}, "reference": {"overall": {"nu": 1.331347922177488, "sigma2_f": 0.19976836622807015, "sigma2_a": 0.26596119929453266}, "grammar": {"nu": 1.4314889988425952, "sigma2_f": 0.2008244243421053, "sigma2_a": 0.2874779541446208}, "redundancy": {"nu": 1.6514259008917556, "sigma2_f": 0.09536945662768032, "sigma2_a": 0.15749559082892417}, "hter": {"nu": 1.30018677228765, "sigma2_f": 0.00926037388097951, "sigma2_a": 0.012040215626487608}}, "seq2seq": {"overall": {"nu": 1.018277156676327, "sigma2_f": 0.2856875350701403, "sigma2_a": 0.2909090909090909}, "grammar": {"nu": 1.4695230781274353, "sigma2_f": 0.27730757515030063, "sigma2_a": 0.4075098814229249}, "redundancy": {"nu": 0.49019101730580267, "sigma2_f": 0.5632232064128256, "sigma2_a": 0.2760869565217391}, "hter": {"nu": 0.25409246955919257, "sigma2_f": 0.45772642540125547, "sigma2_a": 0.11630483781270652}}, "pointer": {"overall": {"nu": 1.2442729531107068, "sigma2_f": 0.1942882164328657, "sigma2_a": 0.24174757281553397}, "grammar": {"nu": 1.410076348242942, "sigma2_f": 0.17158060120240481, "sigma2_a": 0.24194174757281553}, "redundancy": {"nu": 0.9825071889480116, "sigma2_f": 0.23933222444889782, "sigma2_a": 0.23514563106796116}, "hter": {"nu": 0.7956347173785894, "sigma2_f": 0.025154786078003127, "sigma2_a": 0.020014021111890892}}}