{
  "AnyCorrect": {
    "sim": {
      "snet.ensemble": 0.2626524837715317,
      "fastqa_ext": 0.3765464482609419,
      "fastqa": 0.3438903376226485,
      "*": 0.2895602166214387,
      "snet.single": 0.307555640493591
    },
    "rouge-l": {
      "snet.ensemble": 0.35609603174263477,
      "fastqa_ext": 0.4670368079342882,
      "fastqa": 0.4217409934283688,
      "*": 0.3604555692877909,
      "snet.single": 0.38624621315143465
    },
    "ter": {
      "snet.ensemble": -0.2003662113665185,
      "fastqa_ext": -0.25537899788380214,
      "fastqa": -0.14428576042060676,
      "*": -0.2078833964805042,
      "snet.single": -0.2259744063406744
    },
    "rouge-2": {
      "snet.ensemble": 0.3409515833880625,
      "fastqa_ext": 0.3733335484968098,
      "fastqa": 0.3565202357385495,
      "*": 0.30914936174652163,
      "snet.single": 0.35350960567890755
    },
    "rouge-1": {
      "snet.ensemble": 0.3603947758654353,
      "fastqa_ext": 0.49559798002816435,
      "fastqa": 0.44733034934659155,
      "*": 0.3781298269301349,
      "snet.single": 0.3875284624409772
    },
    "meteor": {
      "snet.ensemble": 0.366934495441848,
      "fastqa_ext": 0.4082982653825611,
      "fastqa": 0.39192370222747236,
      "*": 0.3344956790982668,
      "snet.single": 0.39285701734396744
    },
    "bleu": {
      "snet.ensemble": 0.31793679054998064,
      "fastqa_ext": 0.4136630744550862,
      "fastqa": 0.36094661439735215,
      "*": 0.3225916209243007,
      "snet.single": 0.3149997978345919
    }
  },
  "AvgCorrect": {
    "sim": {
      "snet.ensemble": 0.3464683280098604,
      "fastqa_ext": 0.4538653256423021,
      "fastqa": 0.386102113879606,
      "*": 0.3645228016854743,
      "snet.single": 0.39060758848571914
    },
    "rouge-l": {
      "snet.ensemble": 0.3100576193931339,
      "fastqa_ext": 0.4537173969216365,
      "fastqa": 0.37846360886214375,
      "*": 0.3463177762404361,
      "snet.single": 0.34652146071436757
    },
    "ter": {
      "snet.ensemble": -0.1286160082463706,
      "fastqa_ext": -0.21349814341503862,
      "fastqa": -0.1276385329821217,
      "*": -0.17078864420306064,
      "snet.single": -0.15139273761212468
    },
    "rouge-2": {
      "snet.ensemble": 0.2892327801624765,
      "fastqa_ext": 0.3749528613070629,
      "fastqa": 0.33171441061784457,
      "*": 0.3024716812232268,
      "snet.single": 0.31643967676529045
    },
    "rouge-1": {
      "snet.ensemble": 0.3155698809399655,
      "fastqa_ext": 0.48242692086363,
      "fastqa": 0.4161651539501228,
      "*": 0.364977466056799,
      "snet.single": 0.34636680775043155
    },
    "meteor": {
      "snet.ensemble": 0.3539830204277215,
      "fastqa_ext": 0.41035157658856314,
      "fastqa": 0.36896840993634394,
      "*": 0.3404330010859646,
      "snet.single": 0.3984257934520185
    },
    "bleu": {
      "snet.ensemble": 0.2623334904088578,
      "fastqa_ext": 0.39735621084304446,
      "fastqa": 0.3068529089644217,
      "*": 0.30415916488725875,
      "snet.single": 0.27077239929061286
    }
  }
}