{"reference": {"AnyCorrect": {"sigma2_a": 0.1480569239189929, "nu": 1.2637830326106714, "sigma2_f": 0.11715375194834113}, "AvgCorrect": {"sigma2_a": 0.13536028231002917, "nu": 1.1991426859244978, "sigma2_f": 0.11288088056482706}}, "fastqa": {"AnyCorrect": {"sigma2_a": 0.12058498896247243, "nu": 0.7072304063386139, "sigma2_f": 0.17050311734580273}, "AvgCorrect": {"sigma2_a": 0.09683352740777448, "nu": 0.648093324242557, "sigma2_f": 0.14941293759034824}}, "snet.ensemble": {"AnyCorrect": {"sigma2_a": 0.14022038567493114, "nu": 1.0676832978548425, "sigma2_f": 0.13133144065909597}, "AvgCorrect": {"sigma2_a": 0.12936195702645917, "nu": 1.0847135648686173, "sigma2_f": 0.11925909402831868}}, "snet.single": {"AnyCorrect": {"sigma2_a": 0.15321252059308071, "nu": 1.1330107524839872, "sigma2_f": 0.13522600757069697}, "AvgCorrect": {"sigma2_a": 0.1324300918350744, "nu": 1.0648146179229163, "sigma2_f": 0.1243691527201228}}, "fastqa_ext": {"AnyCorrect": {"sigma2_a": 0.13294637921503594, "nu": 0.8006331840020469, "sigma2_f": 0.16605154753952348}, "AvgCorrect": {"sigma2_a": 0.10543276629540911, "nu": 0.7257957312577185, "sigma2_f": 0.14526506805531433}}}